filename,label
img_000.png,black_oyster
img_001.png,black_oyster
img_002.png,black_oyster
img_003.png,black_oyster
img_004.png,black_oyster
img_005.png,black_oyster
img_006.png,black_oyster
img_007.png,black_oyster
img_008.png,black_oyster
img_009.png,black_oyster
img_010.png,black_oyster
img_011.png,black_oyster
img_012.png,black_oyster
img_013.png,black_oyster
img_014.png,black_oyster
img_015.png,black_oyster
img_016.png,black_oyster
img_017.png,black_oyster
img_018.png,black_oyster
img_019.png,black_oyster
img_020.png,black_oyster
img_021.png,black_oyster
img_022.png,black_oyster
img_023.png,black_oyster
img_024.png,black_oyster
img_025.png,black_oyster
img_026.png,black_oyster
img_027.png,black_oyster
img_028.png,black_oyster
img_029.png,black_oyster
img_030.png,black_oyster
img_031.png,black_oyster
img_032.png,black_oyster
img_033.png,black_oyster
img_034.png,black_oyster
img_035.png,black_oyster
img_036.png,black_oyster
img_037.png,black_oyster
img_038.png,black_oyster
img_039.png,black_oyster
img_040.png,black_oyster
img_041.png,black_oyster
img_042.png,black_oyster
img_043.png,black_oyster
img_044.png,black_oyster
img_045.png,black_oyster
img_046.png,black_oyster
img_047.png,black_oyster
img_048.png,black_oyster
img_049.png,black_oyster
img_050.png,black_oyster
img_051.png,black_oyster
img_052.png,black_oyster
img_053.png,black_oyster
img_054.png,black_oyster
img_055.png,black_oyster
img_056.png,black_oyster
img_057.png,black_oyster
img_058.png,black_oyster
img_059.png,black_oyster
img_060.png,black_oyster
img_061.png,black_oyster
img_062.png,black_oyster
img_063.png,black_oyster
img_064.png,black_oyster
img_065.png,black_oyster
img_066.png,black_oyster
img_067.png,black_oyster
img_068.png,black_oyster
img_069.png,black_oyster
img_070.png,black_oyster
img_071.png,black_oyster
img_072.png,black_oyster
img_073.png,black_oyster
img_074.png,black_oyster
img_075.png,black_oyster
img_076.png,black_oyster
img_077.png,black_oyster
img_078.png,black_oyster
img_079.png,black_oyster
img_080.png,black_oyster
img_081.png,black_oyster
img_082.png,black_oyster
img_083.png,black_oyster
img_084.png,black_oyster
img_085.png,black_oyster
img_086.png,black_oyster
img_087.png,black_oyster
img_088.png,black_oyster
img_089.png,black_oyster
img_090.png,black_oyster
img_091.png,black_oyster
img_092.png,black_oyster
img_093.png,black_oyster
img_094.png,black_oyster
img_095.png,black_oyster
img_096.png,black_oyster
img_097.png,black_oyster
img_098.png,black_oyster
img_099.png,black_oyster
img_100.png,black_oyster
img_101.png,black_oyster
img_102.png,black_oyster
img_103.png,black_oyster
img_104.png,black_oyster
img_105.png,black_oyster
img_106.png,black_oyster
img_107.png,black_oyster
img_108.png,black_oyster
img_109.png,black_oyster
img_110.png,black_oyster
img_111.png,black_oyster
img_112.png,black_oyster
img_113.png,black_oyster
img_114.png,black_oyster
img_115.png,black_oyster
img_116.png,black_oyster
img_117.png,black_oyster
img_118.png,black_oyster
img_119.png,black_oyster
img_120.png,black_oyster
img_121.png,black_oyster
img_122.png,black_oyster
img_123.png,black_oyster
img_124.png,black_oyster
img_125.png,black_oyster
img_126.png,black_oyster
img_127.png,black_oyster
img_128.png,black_oyster
img_129.png,black_oyster
img_130.png,black_oyster
img_131.png,black_oyster
img_132.png,black_oyster
img_133.png,black_oyster
img_134.png,black_oyster
img_135.png,black_oyster
img_136.png,black_oyster
img_137.png,black_oyster
img_138.png,black_oyster
img_139.png,black_oyster
img_140.png,black_oyster
img_141.png,black_oyster
img_142.png,black_oyster
img_143.png,black_oyster
img_144.png,black_oyster
img_145.png,black_oyster
img_146.png,black_oyster
img_147.png,black_oyster
img_148.png,black_oyster
img_149.png,black_oyster
img_150.png,black_oyster
img_151.png,black_oyster
img_152.png,black_oyster
img_153.png,black_oyster
img_154.png,black_oyster
img_155.png,black_oyster
img_156.png,black_oyster
img_157.png,black_oyster
img_158.png,black_oyster
img_159.png,black_oyster
img_160.png,black_oyster
img_161.png,black_oyster
img_162.png,black_oyster
img_163.png,black_oyster
img_164.png,black_oyster
img_165.png,black_oyster
img_166.png,black_oyster
img_167.png,black_oyster
img_168.png,black_oyster
img_169.png,black_oyster
img_170.png,black_oyster
img_171.png,black_oyster
img_172.png,black_oyster
img_173.png,black_oyster
img_174.png,black_oyster
img_175.png,black_oyster
img_176.png,black_oyster
img_177.png,black_oyster
img_178.png,black_oyster
img_179.png,black_oyster
img_180.png,black_oyster
img_181.png,black_oyster
img_182.png,black_oyster
img_183.png,black_oyster
img_184.png,black_oyster
img_185.png,black_oyster
img_186.png,black_oyster
img_187.png,black_oyster
img_188.png,black_oyster
img_189.png,black_oyster
img_190.png,black_oyster
img_191.png,black_oyster
img_192.png,black_oyster
img_193.png,black_oyster
img_194.png,black_oyster
img_195.png,black_oyster
img_196.png,black_oyster
img_197.png,black_oyster
img_198.png,black_oyster
img_199.png,black_oyster
img_200.png,black_oyster
img_201.png,black_oyster
img_202.png,black_oyster
img_203.png,black_oyster
img_204.png,black_oyster
img_205.png,black_oyster
img_206.png,black_oyster
img_207.png,black_oyster
img_208.png,black_oyster
img_209.png,black_oyster
img_210.png,black_oyster
img_211.png,black_oyster
img_212.png,black_oyster
img_213.png,black_oyster
img_214.png,black_oyster
img_215.png,black_oyster
img_216.png,black_oyster
img_217.png,black_oyster
img_218.png,black_oyster
img_219.png,black_oyster
img_220.png,black_oyster
img_221.png,black_oyster
img_222.png,black_oyster
img_223.png,black_oyster
img_224.png,black_oyster
img_225.png,black_oyster
img_226.png,black_oyster
img_227.png,black_oyster
img_228.png,black_oyster
img_229.png,black_oyster
img_230.png,black_oyster
img_231.png,black_oyster
img_232.png,black_oyster
img_233.png,black_oyster
img_234.png,black_oyster
img_235.png,black_oyster
img_236.png,black_oyster
img_237.png,black_oyster
img_238.png,black_oyster
img_239.png,black_oyster
img_240.png,black_oyster
img_241.png,black_oyster
img_242.png,black_oyster
img_243.png,black_oyster
img_244.png,black_oyster
img_245.png,black_oyster
img_246.png,black_oyster
img_247.png,black_oyster
img_248.png,black_oyster
img_249.png,black_oyster
img_250.png,black_oyster
img_251.png,black_oyster
img_252.png,black_oyster
img_253.png,black_oyster
img_254.png,black_oyster
img_255.png,black_oyster
img_256.png,black_oyster
img_257.png,black_oyster
img_258.png,black_oyster
img_259.png,black_oyster
img_260.png,black_oyster
img_261.png,black_oyster
img_262.png,black_oyster
img_263.png,black_oyster
img_264.png,black_oyster
img_265.png,black_oyster
img_266.png,black_oyster
img_267.png,black_oyster
img_268.png,black_oyster
img_269.png,black_oyster
img_270.png,black_oyster
img_271.png,black_oyster
img_272.png,black_oyster
img_273.png,black_oyster
img_274.png,black_oyster
img_275.png,black_oyster
img_276.png,black_oyster
img_277.png,black_oyster
img_278.png,black_oyster
img_279.png,black_oyster
img_280.png,black_oyster
img_281.png,black_oyster
img_282.png,black_oyster
img_283.png,black_oyster
img_284.png,black_oyster
img_285.png,black_oyster
img_286.png,black_oyster
img_287.png,black_oyster
img_288.png,black_oyster
img_289.png,black_oyster
img_290.png,black_oyster
img_291.png,black_oyster
img_292.png,black_oyster
img_293.png,black_oyster
img_294.png,black_oyster
img_295.png,black_oyster
img_296.png,black_oyster
img_297.png,black_oyster
img_298.png,black_oyster
img_299.png,black_oyster
img_000.png,dead_vintage
img_001.png,dead_vintage
img_002.png,dead_vintage
img_003.png,dead_vintage
img_004.png,dead_vintage
img_005.png,dead_vintage
img_006.png,dead_vintage
img_007.png,dead_vintage
img_008.png,dead_vintage
img_009.png,dead_vintage
img_010.png,dead_vintage
img_011.png,dead_vintage
img_012.png,dead_vintage
img_013.png,dead_vintage
img_014.png,dead_vintage
img_015.png,dead_vintage
img_016.png,dead_vintage
img_017.png,dead_vintage
img_018.png,dead_vintage
img_019.png,dead_vintage
img_020.png,dead_vintage
img_021.png,dead_vintage
img_022.png,dead_vintage
img_023.png,dead_vintage
img_024.png,dead_vintage
img_025.png,dead_vintage
img_026.png,dead_vintage
img_027.png,dead_vintage
img_028.png,dead_vintage
img_029.png,dead_vintage
img_030.png,dead_vintage
img_031.png,dead_vintage
img_032.png,dead_vintage
img_033.png,dead_vintage
img_034.png,dead_vintage
img_035.png,dead_vintage
img_036.png,dead_vintage
img_037.png,dead_vintage
img_038.png,dead_vintage
img_039.png,dead_vintage
img_040.png,dead_vintage
img_041.png,dead_vintage
img_042.png,dead_vintage
img_043.png,dead_vintage
img_044.png,dead_vintage
img_045.png,dead_vintage
img_046.png,dead_vintage
img_047.png,dead_vintage
img_048.png,dead_vintage
img_049.png,dead_vintage
img_050.png,dead_vintage
img_051.png,dead_vintage
img_052.png,dead_vintage
img_053.png,dead_vintage
img_054.png,dead_vintage
img_055.png,dead_vintage
img_056.png,dead_vintage
img_057.png,dead_vintage
img_058.png,dead_vintage
img_059.png,dead_vintage
img_060.png,dead_vintage
img_061.png,dead_vintage
img_062.png,dead_vintage
img_063.png,dead_vintage
img_064.png,dead_vintage
img_065.png,dead_vintage
img_066.png,dead_vintage
img_067.png,dead_vintage
img_068.png,dead_vintage
img_069.png,dead_vintage
img_070.png,dead_vintage
img_071.png,dead_vintage
img_072.png,dead_vintage
img_073.png,dead_vintage
img_074.png,dead_vintage
img_075.png,dead_vintage
img_076.png,dead_vintage
img_077.png,dead_vintage
img_078.png,dead_vintage
img_079.png,dead_vintage
img_080.png,dead_vintage
img_081.png,dead_vintage
img_082.png,dead_vintage
img_083.png,dead_vintage
img_084.png,dead_vintage
img_085.png,dead_vintage
img_086.png,dead_vintage
img_087.png,dead_vintage
img_088.png,dead_vintage
img_089.png,dead_vintage
img_090.png,dead_vintage
img_091.png,dead_vintage
img_092.png,dead_vintage
img_093.png,dead_vintage
img_094.png,dead_vintage
img_095.png,dead_vintage
img_096.png,dead_vintage
img_097.png,dead_vintage
img_098.png,dead_vintage
img_099.png,dead_vintage
img_100.png,dead_vintage
img_101.png,dead_vintage
img_102.png,dead_vintage
img_103.png,dead_vintage
img_104.png,dead_vintage
img_105.png,dead_vintage
img_106.png,dead_vintage
img_107.png,dead_vintage
img_108.png,dead_vintage
img_109.png,dead_vintage
img_110.png,dead_vintage
img_111.png,dead_vintage
img_112.png,dead_vintage
img_113.png,dead_vintage
img_114.png,dead_vintage
img_115.png,dead_vintage
img_116.png,dead_vintage
img_117.png,dead_vintage
img_118.png,dead_vintage
img_119.png,dead_vintage
img_120.png,dead_vintage
img_121.png,dead_vintage
img_122.png,dead_vintage
img_123.png,dead_vintage
img_124.png,dead_vintage
img_125.png,dead_vintage
img_126.png,dead_vintage
img_127.png,dead_vintage
img_128.png,dead_vintage
img_129.png,dead_vintage
img_130.png,dead_vintage
img_131.png,dead_vintage
img_132.png,dead_vintage
img_133.png,dead_vintage
img_134.png,dead_vintage
img_135.png,dead_vintage
img_136.png,dead_vintage
img_137.png,dead_vintage
img_138.png,dead_vintage
img_139.png,dead_vintage
img_140.png,dead_vintage
img_141.png,dead_vintage
img_142.png,dead_vintage
img_143.png,dead_vintage
img_144.png,dead_vintage
img_145.png,dead_vintage
img_146.png,dead_vintage
img_147.png,dead_vintage
img_148.png,dead_vintage
img_149.png,dead_vintage
img_150.png,dead_vintage
img_151.png,dead_vintage
img_152.png,dead_vintage
img_153.png,dead_vintage
img_154.png,dead_vintage
img_155.png,dead_vintage
img_156.png,dead_vintage
img_157.png,dead_vintage
img_158.png,dead_vintage
img_159.png,dead_vintage
img_160.png,dead_vintage
img_161.png,dead_vintage
img_162.png,dead_vintage
img_163.png,dead_vintage
img_164.png,dead_vintage
img_165.png,dead_vintage
img_166.png,dead_vintage
img_167.png,dead_vintage
img_168.png,dead_vintage
img_169.png,dead_vintage
img_170.png,dead_vintage
img_171.png,dead_vintage
img_172.png,dead_vintage
img_173.png,dead_vintage
img_174.png,dead_vintage
img_175.png,dead_vintage
img_176.png,dead_vintage
img_177.png,dead_vintage
img_178.png,dead_vintage
img_179.png,dead_vintage
img_180.png,dead_vintage
img_181.png,dead_vintage
img_182.png,dead_vintage
img_183.png,dead_vintage
img_184.png,dead_vintage
img_185.png,dead_vintage
img_186.png,dead_vintage
img_187.png,dead_vintage
img_188.png,dead_vintage
img_189.png,dead_vintage
img_190.png,dead_vintage
img_191.png,dead_vintage
img_192.png,dead_vintage
img_193.png,dead_vintage
img_194.png,dead_vintage
img_195.png,dead_vintage
img_196.png,dead_vintage
img_197.png,dead_vintage
img_198.png,dead_vintage
img_199.png,dead_vintage
img_200.png,dead_vintage
img_201.png,dead_vintage
img_202.png,dead_vintage
img_203.png,dead_vintage
img_204.png,dead_vintage
img_205.png,dead_vintage
img_206.png,dead_vintage
img_207.png,dead_vintage
img_208.png,dead_vintage
img_209.png,dead_vintage
img_210.png,dead_vintage
img_211.png,dead_vintage
img_212.png,dead_vintage
img_213.png,dead_vintage
img_214.png,dead_vintage
img_215.png,dead_vintage
img_216.png,dead_vintage
img_217.png,dead_vintage
img_218.png,dead_vintage
img_219.png,dead_vintage
img_220.png,dead_vintage
img_221.png,dead_vintage
img_222.png,dead_vintage
img_223.png,dead_vintage
img_224.png,dead_vintage
img_225.png,dead_vintage
img_226.png,dead_vintage
img_227.png,dead_vintage
img_228.png,dead_vintage
img_229.png,dead_vintage
img_230.png,dead_vintage
img_231.png,dead_vintage
img_232.png,dead_vintage
img_233.png,dead_vintage
img_234.png,dead_vintage
img_235.png,dead_vintage
img_236.png,dead_vintage
img_237.png,dead_vintage
img_238.png,dead_vintage
img_239.png,dead_vintage
img_240.png,dead_vintage
img_241.png,dead_vintage
img_242.png,dead_vintage
img_243.png,dead_vintage
img_244.png,dead_vintage
img_245.png,dead_vintage
img_246.png,dead_vintage
img_247.png,dead_vintage
img_248.png,dead_vintage
img_249.png,dead_vintage
img_250.png,dead_vintage
img_251.png,dead_vintage
img_252.png,dead_vintage
img_253.png,dead_vintage
img_254.png,dead_vintage
img_255.png,dead_vintage
img_256.png,dead_vintage
img_257.png,dead_vintage
img_258.png,dead_vintage
img_259.png,dead_vintage
img_260.png,dead_vintage
img_261.png,dead_vintage
img_262.png,dead_vintage
img_263.png,dead_vintage
img_264.png,dead_vintage
img_265.png,dead_vintage
img_266.png,dead_vintage
img_267.png,dead_vintage
img_268.png,dead_vintage
img_269.png,dead_vintage
img_270.png,dead_vintage
img_271.png,dead_vintage
img_272.png,dead_vintage
img_273.png,dead_vintage
img_274.png,dead_vintage
img_275.png,dead_vintage
img_276.png,dead_vintage
img_277.png,dead_vintage
img_278.png,dead_vintage
img_279.png,dead_vintage
img_280.png,dead_vintage
img_281.png,dead_vintage
img_282.png,dead_vintage
img_283.png,dead_vintage
img_284.png,dead_vintage
img_285.png,dead_vintage
img_286.png,dead_vintage
img_287.png,dead_vintage
img_288.png,dead_vintage
img_289.png,dead_vintage
img_290.png,dead_vintage
img_291.png,dead_vintage
img_292.png,dead_vintage
img_293.png,dead_vintage
img_294.png,dead_vintage
img_295.png,dead_vintage
img_296.png,dead_vintage
img_297.png,dead_vintage
img_298.png,dead_vintage
img_299.png,dead_vintage
img_000.png,soul_rnb
img_001.png,soul_rnb
img_002.png,soul_rnb
img_003.png,soul_rnb
img_004.png,soul_rnb
img_005.png,soul_rnb
img_006.png,soul_rnb
img_007.png,soul_rnb
img_008.png,soul_rnb
img_009.png,soul_rnb
img_010.png,soul_rnb
img_011.png,soul_rnb
img_012.png,soul_rnb
img_013.png,soul_rnb
img_014.png,soul_rnb
img_015.png,soul_rnb
img_016.png,soul_rnb
img_017.png,soul_rnb
img_018.png,soul_rnb
img_019.png,soul_rnb
img_020.png,soul_rnb
img_021.png,soul_rnb
img_022.png,soul_rnb
img_023.png,soul_rnb
img_024.png,soul_rnb
img_025.png,soul_rnb
img_026.png,soul_rnb
img_027.png,soul_rnb
img_028.png,soul_rnb
img_029.png,soul_rnb
img_030.png,soul_rnb
img_031.png,soul_rnb
img_032.png,soul_rnb
img_033.png,soul_rnb
img_034.png,soul_rnb
img_035.png,soul_rnb
img_036.png,soul_rnb
img_037.png,soul_rnb
img_038.png,soul_rnb
img_039.png,soul_rnb
img_040.png,soul_rnb
img_041.png,soul_rnb
img_042.png,soul_rnb
img_043.png,soul_rnb
img_044.png,soul_rnb
img_045.png,soul_rnb
img_046.png,soul_rnb
img_047.png,soul_rnb
img_048.png,soul_rnb
img_049.png,soul_rnb
img_050.png,soul_rnb
img_051.png,soul_rnb
img_052.png,soul_rnb
img_053.png,soul_rnb
img_054.png,soul_rnb
img_055.png,soul_rnb
img_056.png,soul_rnb
img_057.png,soul_rnb
img_058.png,soul_rnb
img_059.png,soul_rnb
img_060.png,soul_rnb
img_061.png,soul_rnb
img_062.png,soul_rnb
img_063.png,soul_rnb
img_064.png,soul_rnb
img_065.png,soul_rnb
img_066.png,soul_rnb
img_067.png,soul_rnb
img_068.png,soul_rnb
img_069.png,soul_rnb
img_070.png,soul_rnb
img_071.png,soul_rnb
img_072.png,soul_rnb
img_073.png,soul_rnb
img_074.png,soul_rnb
img_075.png,soul_rnb
img_076.png,soul_rnb
img_077.png,soul_rnb
img_078.png,soul_rnb
img_079.png,soul_rnb
img_080.png,soul_rnb
img_081.png,soul_rnb
img_082.png,soul_rnb
img_083.png,soul_rnb
img_084.png,soul_rnb
img_085.png,soul_rnb
img_086.png,soul_rnb
img_087.png,soul_rnb
img_088.png,soul_rnb
img_089.png,soul_rnb
img_090.png,soul_rnb
img_091.png,soul_rnb
img_092.png,soul_rnb
img_093.png,soul_rnb
img_094.png,soul_rnb
img_095.png,soul_rnb
img_096.png,soul_rnb
img_097.png,soul_rnb
img_098.png,soul_rnb
img_099.png,soul_rnb
img_100.png,soul_rnb
img_101.png,soul_rnb
img_102.png,soul_rnb
img_103.png,soul_rnb
img_104.png,soul_rnb
img_105.png,soul_rnb
img_106.png,soul_rnb
img_107.png,soul_rnb
img_108.png,soul_rnb
img_109.png,soul_rnb
img_110.png,soul_rnb
img_111.png,soul_rnb
img_112.png,soul_rnb
img_113.png,soul_rnb
img_114.png,soul_rnb
img_115.png,soul_rnb
img_116.png,soul_rnb
img_117.png,soul_rnb
img_118.png,soul_rnb
img_119.png,soul_rnb
img_120.png,soul_rnb
img_121.png,soul_rnb
img_122.png,soul_rnb
img_123.png,soul_rnb
img_124.png,soul_rnb
img_125.png,soul_rnb
img_126.png,soul_rnb
img_127.png,soul_rnb
img_128.png,soul_rnb
img_129.png,soul_rnb
img_130.png,soul_rnb
img_131.png,soul_rnb
img_132.png,soul_rnb
img_133.png,soul_rnb
img_134.png,soul_rnb
img_135.png,soul_rnb
img_136.png,soul_rnb
img_137.png,soul_rnb
img_138.png,soul_rnb
img_139.png,soul_rnb
img_140.png,soul_rnb
img_141.png,soul_rnb
img_142.png,soul_rnb
img_143.png,soul_rnb
img_144.png,soul_rnb
img_145.png,soul_rnb
img_146.png,soul_rnb
img_147.png,soul_rnb
img_148.png,soul_rnb
img_149.png,soul_rnb
img_150.png,soul_rnb
img_151.png,soul_rnb
img_152.png,soul_rnb
img_153.png,soul_rnb
img_154.png,soul_rnb
img_155.png,soul_rnb
img_156.png,soul_rnb
img_157.png,soul_rnb
img_158.png,soul_rnb
img_159.png,soul_rnb
img_160.png,soul_rnb
img_161.png,soul_rnb
img_162.png,soul_rnb
img_163.png,soul_rnb
img_164.png,soul_rnb
img_165.png,soul_rnb
img_166.png,soul_rnb
img_167.png,soul_rnb
img_168.png,soul_rnb
img_169.png,soul_rnb
img_170.png,soul_rnb
img_171.png,soul_rnb
img_172.png,soul_rnb
img_173.png,soul_rnb
img_174.png,soul_rnb
img_175.png,soul_rnb
img_176.png,soul_rnb
img_177.png,soul_rnb
img_178.png,soul_rnb
img_179.png,soul_rnb
img_180.png,soul_rnb
img_181.png,soul_rnb
img_182.png,soul_rnb
img_183.png,soul_rnb
img_184.png,soul_rnb
img_185.png,soul_rnb
img_186.png,soul_rnb
img_187.png,soul_rnb
img_188.png,soul_rnb
img_189.png,soul_rnb
img_190.png,soul_rnb
img_191.png,soul_rnb
img_192.png,soul_rnb
img_193.png,soul_rnb
img_194.png,soul_rnb
img_195.png,soul_rnb
img_196.png,soul_rnb
img_197.png,soul_rnb
img_198.png,soul_rnb
img_199.png,soul_rnb
img_200.png,soul_rnb
img_201.png,soul_rnb
img_202.png,soul_rnb
img_203.png,soul_rnb
img_204.png,soul_rnb
img_205.png,soul_rnb
img_206.png,soul_rnb
img_207.png,soul_rnb
img_208.png,soul_rnb
img_209.png,soul_rnb
img_210.png,soul_rnb
img_211.png,soul_rnb
img_212.png,soul_rnb
img_213.png,soul_rnb
img_214.png,soul_rnb
img_215.png,soul_rnb
img_216.png,soul_rnb
img_217.png,soul_rnb
img_218.png,soul_rnb
img_219.png,soul_rnb
img_220.png,soul_rnb
img_221.png,soul_rnb
img_222.png,soul_rnb
img_223.png,soul_rnb
img_224.png,soul_rnb
img_225.png,soul_rnb
img_226.png,soul_rnb
img_227.png,soul_rnb
img_228.png,soul_rnb
img_229.png,soul_rnb
img_230.png,soul_rnb
img_231.png,soul_rnb
img_232.png,soul_rnb
img_233.png,soul_rnb
img_234.png,soul_rnb
img_235.png,soul_rnb
img_236.png,soul_rnb
img_237.png,soul_rnb
img_238.png,soul_rnb
img_239.png,soul_rnb
img_240.png,soul_rnb
img_241.png,soul_rnb
img_242.png,soul_rnb
img_243.png,soul_rnb
img_244.png,soul_rnb
img_245.png,soul_rnb
img_246.png,soul_rnb
img_247.png,soul_rnb
img_248.png,soul_rnb
img_249.png,soul_rnb
img_250.png,soul_rnb
img_251.png,soul_rnb
img_252.png,soul_rnb
img_253.png,soul_rnb
img_254.png,soul_rnb
img_255.png,soul_rnb
img_256.png,soul_rnb
img_257.png,soul_rnb
img_258.png,soul_rnb
img_259.png,soul_rnb
img_260.png,soul_rnb
img_261.png,soul_rnb
img_262.png,soul_rnb
img_263.png,soul_rnb
img_264.png,soul_rnb
img_265.png,soul_rnb
img_266.png,soul_rnb
img_267.png,soul_rnb
img_268.png,soul_rnb
img_269.png,soul_rnb
img_270.png,soul_rnb
img_271.png,soul_rnb
img_272.png,soul_rnb
img_273.png,soul_rnb
img_274.png,soul_rnb
img_275.png,soul_rnb
img_276.png,soul_rnb
img_277.png,soul_rnb
img_278.png,soul_rnb
img_279.png,soul_rnb
img_280.png,soul_rnb
img_281.png,soul_rnb
img_282.png,soul_rnb
img_283.png,soul_rnb
img_284.png,soul_rnb
img_285.png,soul_rnb
img_286.png,soul_rnb
img_287.png,soul_rnb
img_288.png,soul_rnb
img_289.png,soul_rnb
img_290.png,soul_rnb
img_291.png,soul_rnb
img_292.png,soul_rnb
img_293.png,soul_rnb
img_294.png,soul_rnb
img_295.png,soul_rnb
img_296.png,soul_rnb
img_297.png,soul_rnb
img_298.png,soul_rnb
img_299.png,soul_rnb
img_000.png,hiphop_gospel
img_001.png,hiphop_gospel
img_002.png,hiphop_gospel
img_003.png,hiphop_gospel
img_004.png,hiphop_gospel
img_005.png,hiphop_gospel
img_006.png,hiphop_gospel
img_007.png,hiphop_gospel
img_008.png,hiphop_gospel
img_009.png,hiphop_gospel
img_010.png,hiphop_gospel
img_011.png,hiphop_gospel
img_012.png,hiphop_gospel
img_013.png,hiphop_gospel
img_014.png,hiphop_gospel
img_015.png,hiphop_gospel
img_016.png,hiphop_gospel
img_017.png,hiphop_gospel
img_018.png,hiphop_gospel
img_019.png,hiphop_gospel
img_020.png,hiphop_gospel
img_021.png,hiphop_gospel
img_022.png,hiphop_gospel
img_023.png,hiphop_gospel
img_024.png,hiphop_gospel
img_025.png,hiphop_gospel
img_026.png,hiphop_gospel
img_027.png,hiphop_gospel
img_028.png,hiphop_gospel
img_029.png,hiphop_gospel
img_030.png,hiphop_gospel
img_031.png,hiphop_gospel
img_032.png,hiphop_gospel
img_033.png,hiphop_gospel
img_034.png,hiphop_gospel
img_035.png,hiphop_gospel
img_036.png,hiphop_gospel
img_037.png,hiphop_gospel
img_038.png,hiphop_gospel
img_039.png,hiphop_gospel
img_040.png,hiphop_gospel
img_041.png,hiphop_gospel
img_042.png,hiphop_gospel
img_043.png,hiphop_gospel
img_044.png,hiphop_gospel
img_045.png,hiphop_gospel
img_046.png,hiphop_gospel
img_047.png,hiphop_gospel
img_048.png,hiphop_gospel
img_049.png,hiphop_gospel
img_050.png,hiphop_gospel
img_051.png,hiphop_gospel
img_052.png,hiphop_gospel
img_053.png,hiphop_gospel
img_054.png,hiphop_gospel
img_055.png,hiphop_gospel
img_056.png,hiphop_gospel
img_057.png,hiphop_gospel
img_058.png,hiphop_gospel
img_059.png,hiphop_gospel
img_060.png,hiphop_gospel
img_061.png,hiphop_gospel
img_062.png,hiphop_gospel
img_063.png,hiphop_gospel
img_064.png,hiphop_gospel
img_065.png,hiphop_gospel
img_066.png,hiphop_gospel
img_067.png,hiphop_gospel
img_068.png,hiphop_gospel
img_069.png,hiphop_gospel
img_070.png,hiphop_gospel
img_071.png,hiphop_gospel
img_072.png,hiphop_gospel
img_073.png,hiphop_gospel
img_074.png,hiphop_gospel
img_075.png,hiphop_gospel
img_076.png,hiphop_gospel
img_077.png,hiphop_gospel
img_078.png,hiphop_gospel
img_079.png,hiphop_gospel
img_080.png,hiphop_gospel
img_081.png,hiphop_gospel
img_082.png,hiphop_gospel
img_083.png,hiphop_gospel
img_084.png,hiphop_gospel
img_085.png,hiphop_gospel
img_086.png,hiphop_gospel
img_087.png,hiphop_gospel
img_088.png,hiphop_gospel
img_089.png,hiphop_gospel
img_090.png,hiphop_gospel
img_091.png,hiphop_gospel
img_092.png,hiphop_gospel
img_093.png,hiphop_gospel
img_094.png,hiphop_gospel
img_095.png,hiphop_gospel
img_096.png,hiphop_gospel
img_097.png,hiphop_gospel
img_098.png,hiphop_gospel
img_099.png,hiphop_gospel
img_100.png,hiphop_gospel
img_101.png,hiphop_gospel
img_102.png,hiphop_gospel
img_103.png,hiphop_gospel
img_104.png,hiphop_gospel
img_105.png,hiphop_gospel
img_106.png,hiphop_gospel
img_107.png,hiphop_gospel
img_108.png,hiphop_gospel
img_109.png,hiphop_gospel
img_110.png,hiphop_gospel
img_111.png,hiphop_gospel
img_112.png,hiphop_gospel
img_113.png,hiphop_gospel
img_114.png,hiphop_gospel
img_115.png,hiphop_gospel
img_116.png,hiphop_gospel
img_117.png,hiphop_gospel
img_118.png,hiphop_gospel
img_119.png,hiphop_gospel
img_120.png,hiphop_gospel
img_121.png,hiphop_gospel
img_122.png,hiphop_gospel
img_123.png,hiphop_gospel
img_124.png,hiphop_gospel
img_125.png,hiphop_gospel
img_126.png,hiphop_gospel
img_127.png,hiphop_gospel
img_128.png,hiphop_gospel
img_129.png,hiphop_gospel
img_130.png,hiphop_gospel
img_131.png,hiphop_gospel
img_132.png,hiphop_gospel
img_133.png,hiphop_gospel
img_134.png,hiphop_gospel
img_135.png,hiphop_gospel
img_136.png,hiphop_gospel
img_137.png,hiphop_gospel
img_138.png,hiphop_gospel
img_139.png,hiphop_gospel
img_140.png,hiphop_gospel
img_141.png,hiphop_gospel
img_142.png,hiphop_gospel
img_143.png,hiphop_gospel
img_144.png,hiphop_gospel
img_145.png,hiphop_gospel
img_146.png,hiphop_gospel
img_147.png,hiphop_gospel
img_148.png,hiphop_gospel
img_149.png,hiphop_gospel
img_150.png,hiphop_gospel
img_151.png,hiphop_gospel
img_152.png,hiphop_gospel
img_153.png,hiphop_gospel
img_154.png,hiphop_gospel
img_155.png,hiphop_gospel
img_156.png,hiphop_gospel
img_157.png,hiphop_gospel
img_158.png,hiphop_gospel
img_159.png,hiphop_gospel
img_160.png,hiphop_gospel
img_161.png,hiphop_gospel
img_162.png,hiphop_gospel
img_163.png,hiphop_gospel
img_164.png,hiphop_gospel
img_165.png,hiphop_gospel
img_166.png,hiphop_gospel
img_167.png,hiphop_gospel
img_168.png,hiphop_gospel
img_169.png,hiphop_gospel
img_170.png,hiphop_gospel
img_171.png,hiphop_gospel
img_172.png,hiphop_gospel
img_173.png,hiphop_gospel
img_174.png,hiphop_gospel
img_175.png,hiphop_gospel
img_176.png,hiphop_gospel
img_177.png,hiphop_gospel
img_178.png,hiphop_gospel
img_179.png,hiphop_gospel
img_180.png,hiphop_gospel
img_181.png,hiphop_gospel
img_182.png,hiphop_gospel
img_183.png,hiphop_gospel
img_184.png,hiphop_gospel
img_185.png,hiphop_gospel
img_186.png,hiphop_gospel
img_187.png,hiphop_gospel
img_188.png,hiphop_gospel
img_189.png,hiphop_gospel
img_190.png,hiphop_gospel
img_191.png,hiphop_gospel
img_192.png,hiphop_gospel
img_193.png,hiphop_gospel
img_194.png,hiphop_gospel
img_195.png,hiphop_gospel
img_196.png,hiphop_gospel
img_197.png,hiphop_gospel
img_198.png,hiphop_gospel
img_199.png,hiphop_gospel
img_200.png,hiphop_gospel
img_201.png,hiphop_gospel
img_202.png,hiphop_gospel
img_203.png,hiphop_gospel
img_204.png,hiphop_gospel
img_205.png,hiphop_gospel
img_206.png,hiphop_gospel
img_207.png,hiphop_gospel
img_208.png,hiphop_gospel
img_209.png,hiphop_gospel
img_210.png,hiphop_gospel
img_211.png,hiphop_gospel
img_212.png,hiphop_gospel
img_213.png,hiphop_gospel
img_214.png,hiphop_gospel
img_215.png,hiphop_gospel
img_216.png,hiphop_gospel
img_217.png,hiphop_gospel
img_218.png,hiphop_gospel
img_219.png,hiphop_gospel
img_220.png,hiphop_gospel
img_221.png,hiphop_gospel
img_222.png,hiphop_gospel
img_223.png,hiphop_gospel
img_224.png,hiphop_gospel
img_225.png,hiphop_gospel
img_226.png,hiphop_gospel
img_227.png,hiphop_gospel
img_228.png,hiphop_gospel
img_229.png,hiphop_gospel
img_230.png,hiphop_gospel
img_231.png,hiphop_gospel
img_232.png,hiphop_gospel
img_233.png,hiphop_gospel
img_234.png,hiphop_gospel
img_235.png,hiphop_gospel
img_236.png,hiphop_gospel
img_237.png,hiphop_gospel
img_238.png,hiphop_gospel
img_239.png,hiphop_gospel
img_240.png,hiphop_gospel
img_241.png,hiphop_gospel
img_242.png,hiphop_gospel
img_243.png,hiphop_gospel
img_244.png,hiphop_gospel
img_245.png,hiphop_gospel
img_246.png,hiphop_gospel
img_247.png,hiphop_gospel
img_248.png,hiphop_gospel
img_249.png,hiphop_gospel
img_250.png,hiphop_gospel
img_251.png,hiphop_gospel
img_252.png,hiphop_gospel
img_253.png,hiphop_gospel
img_254.png,hiphop_gospel
img_255.png,hiphop_gospel
img_256.png,hiphop_gospel
img_257.png,hiphop_gospel
img_258.png,hiphop_gospel
img_259.png,hiphop_gospel
img_260.png,hiphop_gospel
img_261.png,hiphop_gospel
img_262.png,hiphop_gospel
img_263.png,hiphop_gospel
img_264.png,hiphop_gospel
img_265.png,hiphop_gospel
img_266.png,hiphop_gospel
img_267.png,hiphop_gospel
img_268.png,hiphop_gospel
img_269.png,hiphop_gospel
img_270.png,hiphop_gospel
img_271.png,hiphop_gospel
img_272.png,hiphop_gospel
img_273.png,hiphop_gospel
img_274.png,hiphop_gospel
img_275.png,hiphop_gospel
img_276.png,hiphop_gospel
img_277.png,hiphop_gospel
img_278.png,hiphop_gospel
img_279.png,hiphop_gospel
img_280.png,hiphop_gospel
img_281.png,hiphop_gospel
img_282.png,hiphop_gospel
img_283.png,hiphop_gospel
img_284.png,hiphop_gospel
img_285.png,hiphop_gospel
img_286.png,hiphop_gospel
img_287.png,hiphop_gospel
img_288.png,hiphop_gospel
img_289.png,hiphop_gospel
img_290.png,hiphop_gospel
img_291.png,hiphop_gospel
img_292.png,hiphop_gospel
img_293.png,hiphop_gospel
img_294.png,hiphop_gospel
img_295.png,hiphop_gospel
img_296.png,hiphop_gospel
img_297.png,hiphop_gospel
img_298.png,hiphop_gospel
img_299.png,hiphop_gospel
